{
  "kind": "collectionType",
  "collectionName": "authors",
  "info": {
    "singularName": "author",
    "pluralName": "authors",
    "displayName": "author"
  },
  "options": {
    "draftAndPublish": true
  },
  "pluginOptions": {},
  "attributes": {
    "name": {
      "type": "string"
    },
    "picture": {
      "allowedTypes": [
        "images"
      ],
      "type": "media",
      "multiple": false
    },
    "about": {
      "type": "text"
    },
    "blogs": {
      "type": "relation",
      "relation": "oneToMany",
      "target": "api::blog.blog",
      "mappedBy": "author"
    }
  }
}
